{"Adams": 53.986301369863014, "Alexander": 54.657534246575345, "Bond": 84.78082191780823, "Boone": 51.342465753424655, "Brown": 79.7041095890411, "Bureau": 51.30684931506849, "Calhoun": 56.945205479452056, "Carroll": 48.90958904109589, "Cass": 54.345205479452055, "Champaign": 53.79178082191781, "Christian": 69.88219178082191, "Clark": 55.50958904109589, "Clay": 56.93150684931507, "Clinton": 53.49589041095891, "Coles": 54.69041095890411, "Cook": 76.6054794520548, "Crawford": 48.19178082191781, "Cumberland": 55.44931506849315, "DeKalb": 49.30684931506849, "DeWitt": 51.342465753424655, "Douglas": 57.52876712328767, "DuPage": 51.342465753424655, "Edgar": 54.84931506849315, "Edwards": 52.90684931506849, "Effingham": 55.69315068493151}