{"Winnebago": 48.915068493150685, "Woodford": 52.06027397260274}