{"Fayette": 55.50958904109589, "Ford": 58.827397260273976, "Franklin": 54.657534246575345, "Fulton": 49.97260273972603, "Gallatin": 51.342465753424655, "Greene": 52.09315068493151, "Grundy": 51.342465753424655, "Hamilton": 72.58630136986301, "Hancock": 51.342465753424655, "Hardin": 76.8054794520548, "Henderson": 51.602739726027394, "Henry": 51.83287671232877, "Iroquois": 52.66849315068493, "Jackson": 57.07671232876712, "Jasper": 30.76986301369863, "Jefferson": 50.295890410958904, "Jersey": 51.342465753424655, "Jo Daviess": 51.342465753424655, "Johnson": 80.44931506849315, "Kane": 87.8027397260274, "Kankakee": 52.446575342465756, "Kendall": 56.52876712328767, "Knox": 51.602739726027394, "Lake": 51.342465753424655, "LaSalle": 51.78082191780822}