{"Fayette": 55.50958904109589, "Ford": 58.827397260273976, "Franklin": 54.657534246575345, "Fulton": 49.97260273972603, "Gallatin": 52.33255683424615, "Greene": 52.09315068493151, "Grundy": 51.992465753424655, "Hamilton": 53.58630136986301, "Hancock": 54.342465753424655, "Hardin": 54.8054794520548, "Henderson": 51.602739726027394, "Henry": 51.83287671232877, "Iroquois": 52.66849315068493, "Jackson": 57.07671232876712, "Jasper": 53.76986301369863, "Jefferson": 50.295890410958904, "Jersey": 50.6784657534655, "Jo Daviess": 49.678465753424655, "Johnson": 54.44931506849315, "Kane":48.8027397260274, "Kankakee": 50.446575342465756, "Kendall": 56.52876712328767, "Knox": 51.602739726027394, "Lake": 47.2254783424555, "LaSalle": 51.78082191780822}
