{"Lawrence": 48.04383561643836, "Lee": 49.3041095890411, "Livingston": 55.843835616438355, "Logan": 54.84931506849315, "Macon": 54.71506849315068, "Macoupin": 55.443835616438356, "Madison": 57.556164383561644, "Marion": 58.71232876712329, "Marshall": 55.298630136986304, "Mason": 55.68681318681319, "Massac": 54.915068493150685, "McDonough": 51.36538461538461, "McHenry": 48.95890410958904, "McLean": 53.347945205479455, "Menard": 55.59452054794521, "Mercer": 51.227397260273975, "Monroe": 54.06301369863014, "Montgomery": 51.36164383561644, "Morgan": 56.61095890410959, "Moultrie": 47.313186753424655, "Ogle": 51.443835616438356, "Peoria": 52.90684931506849, "Perry": 54.605479452054794, "Piatt": 54.18356164383562, "Pike": 55.12328767123287}
