{"Pope": 54.64931506849315, "Pulaski": 55.345205479452055, "Putnam": 51.83287671232877, "Randolph": 53.106849315068494, "Richland": 54.30958904109589, "Rock Island": 51.24109589041096, "Saline": 58.827397260273976, "Sangamon": 54.24383561643835, "Schuyler": 51.342465753424655, "Scott": 56.65479452054795, "Shelby": 46.9041095890411, "St. Clair": 56.04383561643836, "Stark": 51.92876712328767, "Stephenson": 48.52876712328766, "Tazewell": 52.73698630136986, "Union": 48.57260273972603, "Vermilion": 54.84931506849315, "Wabash": 54.87397260273973, "Warren": 47.71506849315068, "Washington": 52.54794520547945, "Wayne": 52.02739726027397, "White": 57.2, "Whiteside": 48.868493150684934, "Will": 52.53424657534246, "Williamson": 55.843835616438355}